<!DOCTYPE suite SYSTEM "http://testng.org/testng-1.0.dtd" >
<suite name="Suite1"  >
   
    <listeners>
        <listener class-name="reportHandler.ReportListenerTest"/>
    </listeners>
    
   
   
   <!--  <test name="ContactPage Tests">
    	<parameter name="Title" value="Mr."/>
    	<parameter name="FirstName" value="Abhijeet"/>
     	<parameter name="MiddleName" value="xxx"/>
      	<parameter name="LastName" value="Duraphe"/>
       	<parameter name="Suffix" value="MD"/>
       	<parameter name="Category" value="Lead"/>
		<parameter name="MessengerNetwork" value="ICQ"/>
		<parameter name="Source" value="Import"/>   
    
        <classes>
            <class name="testScripts.ContactPageTest">
	        </class>
        </classes>
        
       
    </test>
    -->
   
	  <!--  <test name="createCompanyTest"  parallel="methods" thread-count="2">
	   
		   <classes>
				   
				<class name="testScripts.CreateCompanyTest"> </class>
				
				   
		   </classes>
		   
	   </test>  
	     -->

        
   	<test name="ContactCombinedFormTest" >
	   
		   <classes>
				   <class name="testScripts.ContactCombinedFormTest">   
				   </class>
				   <class name="testScripts.FullSearchFormTest">   
				   </class>
		   </classes>
		   
	 </test>  
	    
   
 		<!-- <test name="FullSearchFormTest"   >
	   
		   <classes>
				   <class name="testScripts.FullSearchFormTest">   
				   </class>
		   </classes>
		   
	   </test>  -->
    
    
   
    
   
    
</suite>