<!DOCTYPE suite SYSTEM "http://testng.org/testng-1.0.dtd" >
<suite name="Suite1" verbose="1">
   <!--  <listeners>
        <listener class-name="reportHandler.ReportListener"/>
    </listeners>
     -->
   
   
    <test name="ContactPage Tests">
    	<parameter name="Title" value="Mr."/>
    	<parameter name="FirstName" value="Abhijeet"/>
     	<parameter name="MiddleName" value="xxx"/>
      	<parameter name="LastName" value="Duraphe"/>
       	<parameter name="Suffix" value="MD"/>
       	<parameter name="Category" value="Lead"/>
		<parameter name="MessengerNetwork" value="ICQ"/>
		<parameter name="Source" value="Import"/>      
    
        <classes>
            <class name="testScripts.CreateContactParametersTest">
	         	<!-- <methods>
		         	<exclude name="clickOnContactTestByParametrsTest4"></exclude>
		         	<exclude name="createNewContactTestByParameterTest3"></exclude>
		         	<include name="createNewContactTestByParameterTest3"></include>
		         	
	         	</methods> -->
	          </class>
        </classes>
    </test>
   
   
     <test name="CreateCompanyTest Tests">
     
        <classes>
            <class name="testScripts.CreateCompanyTest"/>
        </classes>
       
    </test>
    

        
  
   

    
    
   
    
   
    
</suite>