<!DOCTYPE suite SYSTEM "http://testng.org/testng-1.0.dtd" >
<suite name="Suite1" verbose="1" data-provider-thread-count="3">
   <!--  <listeners>
        <listener class-name="reportHandler.ReportListenerTest"/>
    </listeners>
     -->
   
   
    <test name="ContactPage Tests">
    	  
    
        <classes>
            <class name="testScripts.ContactPageTest">
	         	
	          </class>
        </classes>
    </test>
   
   
     
    

        
  
   

    
    
   
    
   
    
</suite>