<!DOCTYPE suite SYSTEM "http://testng.org/testng-1.0.dtd" >
<suite name="Suite1" verbose="1">
    <listeners>
        <listener class-name="reportHandler.ReportListener"/>
    </listeners>
    
    <test name="Login Tests">
        <classes>
            <class name="testScripts.LoginTest"/>
        </classes>
    </test>
     <test name="CreateCompanyTest Tests">
        <classes>
            <class name="testScripts.CreateCompanyTest"/>
        </classes>
       
    </test>
    
     <test name="CompanyCombinedFormTest Tests">
        <classes>
            <class name="testScripts.CompanyCombinedFormTest"/>
        </classes>
        
    </test>
    <test name="ContactPage Tests">
        <classes>
            <class name="testScripts.ContactPageTest"/>
        </classes>
    </test>
   
    <test name="ContactCombinedFormTest Tests">
        <classes>
            <class name="testScripts.ContactCombinedFormTest"/>
        </classes>
    </test>
    
    <test name="ContactWebtableTest Tests">
        <classes>
            <class name="testScripts.ContactWebtableTest"/>
        </classes>
    </test>
    
    
    <test name="FullSearchFormTest Tests">
        <classes>
            <class name="testScripts.FullSearchFormTest"/>
        </classes>
      </test>
    
       <test name="TaskTest Tests">
        <classes>
            <class name="testScripts.TaskTest"/>
        </classes>
      </test>
    
    <test name="VerificationTest Tests">
        <classes>
            <class name="testScripts.VerificationTest"/>
        </classes>
      </test>
    
   
    
</suite>